group,names,scores,logfoldchanges,pvals,pvals_adj,pct_nz_group,pct_nz_reference
0,NPAS3,12.704665,0.17318231,5.5707180570633905e-37,1.9999890682686127e-33,0.664428658864551,0.6876479873717443
0,MT-RNR2,12.65854,0.040247634,1.003489347183038e-36,3.3024834415793785e-33,0.9985347849472337,0.9991210447011551
0,FP236383.1,10.036403,0.04527105,1.0544996514904596e-23,2.602768764791327e-20,0.9701763822171114,0.9782772476142642
0,MECOM,8.55311,0.21308278,1.1981581760834219e-17,1.5772554229962164e-14,0.4010979839382755,0.4012520628542728
0,BX571818.1,8.474856,0.21055071,2.353691723217881e-17,2.904749797916268e-14,0.4253389468998646,0.43172849250197315
0,AC024230.1,6.9879107,0.2581571,2.790095710044032e-12,1.0297799979538217e-09,0.25754400281914797,0.24348855564325178
0,EYA2,6.7475,0.21671373,1.5041431846644967e-11,4.752129811901624e-09,0.2986998534784947,0.2890507282772476
0,CPM,5.9081745,0.20691705,3.4591973322541124e-09,5.715925566752276e-07,0.28124710202718994,0.2729245892229318
0,LINC01541,5.7671776,0.34999293,8.061013770225968e-09,1.2013039842028827e-06,0.1283268727859488,0.10988735021884193
0,PCAT1,5.6548653,0.33065355,1.5596878562496152e-08,2.1313215508307893e-06,0.138156796557672,0.1205245031211882
0,AL157931.1,5.2720213,0.31103417,1.3492958176319801e-07,1.3490225425296749e-05,0.13828662573956266,0.12190571859080146
0,RHEX,5.139121,0.21888062,2.760262654043897e-07,2.505937763988542e-05,0.2025149767234824,0.18913683002080792
0,UGT2B7,4.739994,0.24785689,2.137244678697251e-06,0.00014704541263259901,0.17100357957601497,0.15801463729640525
0,BMPR1B,4.4722524,0.2698039,7.739993832120271e-06,0.0004329572753797362,0.1561103177105551,0.1437540360192294
0,MT-RNR1,4.3758144,0.0240158,1.2097986890004484e-05,0.0006395899575101166,0.7738190181204444,0.7983784171629476
0,PLCB1,4.3296876,0.12415081,1.4932096180053329e-05,0.0007598116069722124,0.3986497765083369,0.4079249479801966
0,CTNNA2,4.2803054,0.263757,1.866372217053044e-05,0.0009167508904957564,0.1543483502420387,0.14278539140417593
0,CADM1,4.199407,0.22387119,2.676148533698172e-05,0.0012566760748253056,0.17829256078787767,0.16744995336155558
0,IGHGP,4.069686,0.90941364,4.7076516037733643e-05,0.002052037275234191,0.03713114602073558,0.023121905718590803
0,MT-ND4,3.5356796,0.0058099134,0.0004067278233663542,0.012548824375300046,0.9900217000204017,0.9932553634211093
1,CHSY3,130.41386,4.750385,0.0,0.0,0.9984811664641555,0.06882936719667059
1,COL3A1,5.256584,0.05644546,1.4675579485377024e-07,0.0007244599812956368,0.9797995139732685,0.9743696704533328
1,COL1A2,5.160799,0.06934584,2.4589775443931555e-07,0.0010789993464797166,0.9166160388821385,0.9093237357029909
1,COL1A1,5.098622,0.059852865,3.4213501805996723e-07,0.0013511596133224224,0.9811664641555286,0.9745733937389044
2,CXCL14,92.7332,5.7790112,0.0,0.0,0.9907259354013431,0.03431639415044397
2,MT-CO3,6.451775,0.058881074,1.1054746037149179e-10,8.195508909531514e-07,1.0,0.9999061367774879
3,PRR16,140.43915,6.646097,0.0,0.0,0.9993033300822071,0.02038287409257669
3,COL6A3,5.4754004,0.12490608,4.365237658790352e-08,0.00043097991405237145,0.5787933677023827,0.5290668175786434
3,TIMP3,5.34081,0.12157758,9.253218610931411e-08,0.0006129734118849215,0.5648599693465236,0.5174069159316212
3,IGFBP3,5.339645,0.14569871,9.312874686796132e-08,0.0006129734118849215,0.4547861223352376,0.4110627585668566
3,ATXN1,5.2879734,0.12915829,1.2367886435870957e-07,0.0006977608158934513,0.48014490734290094,0.43271407384279137
3,COL12A1,5.090798,0.1371327,3.5655986034808494e-07,0.0017601577506083214,0.4142399331196879,0.3701311373038795
3,IGF2,4.72683,0.113133736,2.2805202940096068e-06,0.0069838576725794925,0.5060610282847987,0.4632639918819764
3,SPON1,4.7251945,0.16682947,2.298950413844156e-06,0.0069838576725794925,0.27755329524871114,0.23960853953633596
3,ALDH1A2,4.4730334,0.15003572,7.7117640682222e-06,0.021753784755873654,0.31907482234917095,0.2828721411287175
3,RPL13AP25,4.4476247,0.1131709,8.682506879609343e-06,0.022859304112635478,0.4242719799359064,0.3839864179220982
3,DCN,4.348813,0.0898109,1.3687632293970845e-05,0.0329179302731474,0.6671311132785286,0.6252146592771837
3,GJA1,4.333075,0.11096611,1.4704094510398209e-05,0.0329179302731474,0.379545771213599,0.3386640387167278
3,COX6C,4.328635,0.13492346,1.5003614527414494e-05,0.0329179302731474,0.3488922948307092,0.3151978768246039
3,MEG3,4.305156,0.17819831,1.6686797461666003e-05,0.034683947650321775,0.2133203288282012,0.17940636952618844
4,THSD7A,146.86879,5.152383,0.0,0.0,0.999637506041566,0.05304322954166626
4,TPM2,5.1768904,0.1066215,2.2561444719082213e-07,0.00102267308291545,0.5781778637022716,0.5439643353815503
4,TAGLN,4.819163,0.089413054,1.4416194299858853e-06,0.0051756758662729625,0.7027549540840986,0.6673998165481463
4,ACTG2,4.767293,0.08321411,1.8671782828850451e-06,0.006144883728974684,0.8019574673755437,0.777973941946365
4,PBX1,4.4446177,0.08867102,8.804818787382975e-06,0.026747684888563727,0.6894635089415176,0.6641351625916027
4,ITM2B,4.3332715,0.08185199,1.4690968138082777e-05,0.04144112240779751,0.749879168680522,0.7153537365986449
5,MMP7,113.13007,4.3396235,0.0,0.0,0.9944838455476753,0.0922181108912027
5,MT-CO3,5.0585146,0.033143982,4.225349401905905e-07,0.0016686749858006798,1.0,0.999904387650709
6,FGF13,129.42142,4.439975,0.0,0.0,0.99909338168631,0.08524265626364669
6,KCNIP4,10.205388,0.1696605,1.8756914029665627e-24,1.4814960977191097e-20,0.8520701118162587,0.8318049045581143
6,SFRP4,8.68099,0.10763803,3.9233634987911704e-18,2.213449589918013e-14,0.9625264430341492,0.9513717041738236
6,PTCH1,5.4436345,0.16792147,5.220432609328725e-08,0.00018742302237055456,0.40888485947416137,0.3682494395761158
6,HSP90AA1,4.680439,0.09255652,2.862614636411865e-06,0.008075026944369814,0.7252946509519492,0.7010005143284133
6,CYR61,4.2939606,0.09514144,1.7551360713409597e-05,0.04077284337023363,0.6116651556361439,0.5820450862227915
7,GNLY,101.95701,5.4349165,0.0,0.0,0.7410476056733605,0.028387814011546265
7,DKK1,42.008568,5.941907,0.0,0.0,0.30346861395871366,0.007460212201591512
7,IGFBP3,9.555422,0.26420847,1.23082004548122e-21,1.6202515078714782e-17,0.4784440387586013,0.40944375097519115
7,TGM2,8.497578,0.20695445,1.9358766079931507e-17,1.9112909750716377e-13,0.5452885830641764,0.47749258854735527
7,DCN,8.274046,0.1742052,1.2948870534786184e-16,1.0227535903195519e-12,0.6862800168515658,0.6239077859260415
7,TIMP3,7.022333,0.16130325,2.181932557218099e-12,1.4361480091609528e-08,0.576885268922904,0.5165977531596193
7,LUM,6.7424865,0.13335158,1.5569856918774992e-11,8.784068420518029e-08,0.758741749754248,0.7085348728350757
7,TMSB4X,6.341136,0.10253363,2.2807713668294063e-10,1.0008024757647435e-06,0.9004353321162758,0.8663110469652052
7,ALDH1A2,6.3034153,0.2026913,2.9115740115624945e-10,1.142496867325055e-06,0.3328184243785985,0.2819375097519114
7,C1R,6.2896276,0.16676027,3.1822813583955245e-10,1.142496867325055e-06,0.4231147310770959,0.3685442346699953
7,PAEP,6.238502,0.20238128,4.417815461623705e-10,1.4539030684203614e-06,0.2873191967420306,0.23716648463098766
7,RBP1,6.1960177,0.30764037,5.790966006455915e-10,1.759206380976592e-06,0.2096615643870243,0.16249609923545014
7,IGFBP2,6.1346984,0.17125088,8.532081167691094e-10,2.4067782105318337e-06,0.3749473388569021,0.3210426743641754
7,GJA1,6.120937,0.1713092,9.30268055766454e-10,2.44920973722192e-06,0.38941159949445303,0.33800124824465594
7,ULK4,6.099608,0.24600112,1.0632885426825174e-09,2.624461945476124e-06,0.2739783738239011,0.22645888594164457
7,CTSB,5.7756386,0.1834786,7.666169103949041e-09,1.7808961779597383e-05,0.3329588540935262,0.2846387892026837
7,IGF2,5.6701407,0.136203,1.4268038438727756e-08,3.127504352771954e-05,0.5143940457800871,0.4627086909034171
7,PAPLN,5.6331496,0.3221149,1.7694764127494497e-08,3.494008124615063e-05,0.17652015166409213,0.13408878140115463
7,FBXO32,5.5961504,0.17431453,2.19163510502446e-08,4.121526360363142e-05,0.29813228479146187,0.25114097363083165
7,ITGB8,5.457928,0.24269383,4.817219235682706e-08,8.647346457071883e-05,0.2187894958573234,0.17635356529879856
7,SELENOP,5.2390485,0.1499123,1.6140667221256963e-07,0.00027714227387038256,0.3295885409352619,0.2834588079263536
7,MMP2,5.2088866,0.15997288,1.8997701719673967e-07,0.00031260718179723515,0.31343912371857885,0.26795326884069276
7,FAM155A,5.1825066,0.14915091,2.189237343937774e-07,0.0003262384943723017,0.34517623929223423,0.29969574036511154
7,CSDE1,5.182098,0.12520677,2.194037545327295e-07,0.0003262384943723017,0.3691897205448673,0.3209451552504291
7,FTH1,5.179029,0.10959826,2.2304363790266753e-07,0.0003262384943723017,0.6417637972194916,0.5839639569355594
7,LSAMP,5.164413,0.11501614,2.4119436344098346e-07,0.0003326599574780638,0.5131301783457379,0.45833008269620845
7,ITGB1,5.162034,0.11624396,2.442808357860795e-07,0.0003326599574780638,0.49080185367223705,0.4365345607739117
7,F3,5.0475006,0.24185379,4.476272268773142e-07,0.0005702482078657707,0.2128914478303609,0.17428616008737713
7,TXNIP,5.0041947,0.10087983,5.609606151274637e-07,0.0006838672308979941,0.7323409633478444,0.6898014510844126
7,H19,5.000625,0.1857875,5.714478532268258e-07,0.0006838672308979941,0.2669568880775172,0.2265076454985177
7,APOD,4.992732,0.44728675,5.953112249471391e-07,0.000691471496929777,0.11824181996910546,0.08173076923076923
7,FSTL1,4.9745126,0.12952694,6.541209027795408e-07,0.0007380726483591321,0.3705940176941441,0.3224664534248713
7,MMP14,4.965055,0.17271115,6.868167341746433e-07,0.0007534379573895838,0.24926274399662968,0.20838859416445624
7,APCDD1,4.929052,0.22831227,8.262954664285527e-07,0.0008819475827080109,0.20418480550484483,0.16547043220471214
7,MAML2,4.9232187,0.15260819,8.513226238151678e-07,0.0008847482384133844,0.2961662687824744,0.2538520049929786
7,ISLR,4.903246,0.21402572,9.426576164943011e-07,0.0009389556975098722,0.22159809015587698,0.18367725074114527
7,PLPP1,4.899129,0.14391224,9.626240855186032e-07,0.0009389556975098722,0.3263586574919253,0.2844047433296926
7,B2M,4.8966565,0.06800647,9.748096727920784e-07,0.0009389556975098722,0.9386322145766044,0.9204926665626463
7,S100A6,4.889844,0.09982387,1.0091595262515046e-06,0.000948898285969629,0.669147591630389,0.6218501326259946
7,HLA-A,4.838282,0.11410788,1.3096603815110096e-06,0.0012028164601542509,0.5042831063052942,0.45636019659853333
7,RORB,4.825977,0.21746804,1.3931885724391928e-06,0.0012314318486969578,0.22370453587979217,0.18596894991418317
7,ZEB1,4.824552,0.121923946,1.4031812314231514e-06,0.0012314318486969578,0.3797219491644432,0.33534872835075674
7,RBMS1,4.7789097,0.1298197,1.7624853215391395e-06,0.0015131319634396456,0.32144361746945654,0.27772468403807143
7,FOXP1,4.7478886,0.12106885,2.0555120111875997e-06,0.0017271549009749082,0.37944108973458784,0.3357193009829927
7,RPS16,4.7272367,0.10264102,2.2759565759852044e-06,0.0018725432728918271,0.49684033141412726,0.4443653456077391
7,RPL23A,4.711539,0.10494922,2.4585300156984028e-06,0.0019814748444890065,0.5660721808734728,0.5112244499921985
7,FAU,4.6913776,0.10591557,2.713715741812948e-06,0.0021013737661897437,0.5259092824041567,0.4749765954127009
7,ADAMTS5,4.6840305,0.49280986,2.8128777954274546e-06,0.0021362724980196353,0.10209240275242241,0.06812685286316118
7,PRSS23,4.6710567,0.107589304,2.9965444619664136e-06,0.002232821394188257,0.4205869962083977,0.3737810110781713
7,IL1R1,4.6629686,0.2271659,3.1168039874915935e-06,0.002279422649518852,0.19533773346440106,0.15941449524106724
7,MAP3K5,4.648533,0.30181697,3.34304438275826e-06,0.0024004274320707127,0.17048167392220193,0.1362927133718209
7,SULF2,4.604927,0.1266838,4.12610257743266e-06,0.0028903959749085268,0.29251509619435473,0.25191137462942736
7,VCAN,4.6015925,0.10426243,4.192726100125305e-06,0.0028903959749085268,0.5344754950147451,0.4873322671243564
7,PDGFRA,4.5990124,0.26869026,4.244985479203245e-06,0.0028903959749085268,0.15938772644291532,0.12458066781089093
7,PIK3R1,4.576263,0.1708181,4.733554307512885e-06,0.0031156254452049804,0.25417778401909846,0.21743836792011234
7,RFTN1,4.5338464,0.24815953,5.791917630830963e-06,0.0037497444438815805,0.17764358938351354,0.1432555780933063
7,FOXO1,4.5176806,0.14970534,6.252074927770838e-06,0.003982370049153644,0.3017834573795815,0.26480340146668746
7,SNCAIP,4.4874825,0.17947043,7.206978202734014e-06,0.004517745764799551,0.21443617469456536,0.17814791699173038
7,ATP5F1E,4.4838653,0.101940125,7.330303372747991e-06,0.004523255324946307,0.4277489116697093,0.38161179591199873
7,NPTN,4.4770427,0.11232155,7.568411662114464e-06,0.0045983340516957604,0.35233815475354585,0.30910633484162897
7,RBM6,4.4676185,0.12575494,7.909529638167105e-06,0.004732774916219626,0.3220053363291672,0.28115735684194104
7,HLA-B,4.46159,0.0980118,8.135389705908815e-06,0.004795265824861954,0.680943687684314,0.6300319862693088
7,ZFAND5,4.446931,0.15594529,8.710590125316102e-06,0.005058803312190933,0.26808032579693863,0.23128608207208612
7,AEBP1,4.406967,0.09476743,1.0482816078105243e-05,0.005907313978038572,0.5688807751720264,0.5206155406459666
7,NID1,4.4041414,0.13005097,1.0620360894377054e-05,0.005907313978038572,0.28703833731217526,0.24764003744733967
7,COL4A1,4.3744864,0.10715495,1.2171874496001845e-05,0.0065681501400738996,0.408229181294762,0.366369558433453
7,LAMA2,4.3734527,0.16898647,1.2229682227657633e-05,0.0065681501400738996,0.24547114169358236,0.2096758464659073
7,PBX3,4.3720703,0.16642743,1.230738150424057e-05,0.0065681501400738996,0.21303187754528857,0.17723123732251522
7,PTTG1IP,4.3354836,0.12285456,1.4543992006587294e-05,0.007630772225083276,0.2708889200954922,0.23312919332189108
7,C1S,4.3322024,0.1271891,1.476249694136124e-05,0.007630772225083276,0.30964752141553153,0.2719710563270401
7,ALDH1A1,4.330484,0.17116342,1.4878189540449009e-05,0.007630772225083276,0.22707484903805644,0.19203463878920268
7,IGFBP7,4.318542,0.07163529,1.5706327201749563e-05,0.007952234280147356,0.8672939193933437,0.8414241691371509
7,RPL9P9,4.3147635,0.14048448,1.59773957132889e-05,0.007987079892521587,0.2637270046341806,0.22705375253549695
7,RPL38,4.2701683,0.09656256,1.953257197773715e-05,0.009552124319993157,0.5961241398679961,0.5478721329380558
7,CBLB,4.269492,0.1701568,1.959186847765233e-05,0.009552124319993157,0.22384496559471984,0.18973318770479014
7,RPL36A,4.241549,0.094440274,2.21982417155835e-05,0.010690889778436873,0.6861395871366381,0.6334549071618037
7,EIF4H,4.1714478,0.14257564,3.0267023673939287e-05,0.014401268661821811,0.25207133829518324,0.21717506631299735
7,ARHGAP21,4.1521006,0.1411554,3.294373810270789e-05,0.015488263156573097,0.2562842297430136,0.22132938055858947
7,WWOX,4.137985,0.08949,3.5036868019970336e-05,0.016278541080525514,0.459345597528437,0.41352004992978625
7,SDK1,4.112509,0.088841215,3.9138249189404446e-05,0.017972648104511164,0.5809577306558068,0.530816039943829
7,FBN1,4.107906,0.121478766,3.992629343136294e-05,0.018123783680360748,0.2967279876421851,0.2605418161959744
7,CNBP,4.004585,0.09529945,6.212648367375767e-05,0.027642502571507046,0.32790338435612976,0.28949524106724916
7,SPON2,4.0039415,0.11943609,6.229572391532784e-05,0.027642502571507046,0.26765903665215557,0.23284638789202683
7,PLEKHA7,3.9663007,0.1382628,7.299674475242075e-05,0.03203097159736223,0.24238168796517343,0.20981237322515214
7,RAP1B,3.9600415,0.128925,7.493675510056919e-05,0.03217928144628899,0.2606375509057717,0.22684896239662974
7,ZBTB20,3.9599533,0.08051991,7.496439514480369e-05,0.03217928144628899,0.5701446426063755,0.5219613044156655
7,FBLN2,3.9475162,0.22196284,7.896615155180866e-05,0.03353259416219385,0.16037073444740907,0.1302660321422999
7,N4BP2L2,3.9401472,0.0988786,8.143164499295816e-05,0.03421168642619046,0.36876843140008425,0.33242315493836794
7,OGA,3.9333239,0.13684706,8.377924501248586e-05,0.034827473095085174,0.2380283668024154,0.20498517709471056
7,COL6A2,3.9278674,0.10587455,8.570243969760352e-05,0.03525584113060165,0.3031877545288583,0.2668122952098611
7,CALR,3.925154,0.084648944,8.667427671041209e-05,0.0352880467613154,0.39446706923184943,0.3542479325947886
7,APP,3.9156973,0.08284195,9.0143257552388e-05,0.03632589313529497,0.4733885690212049,0.43071266968325794
7,SF3B1,3.9116523,0.09254073,9.166680819642565e-05,0.03656672312417416,0.37480690914197445,0.33605086596973005
7,EEF1B2,3.8954525,0.09837971,9.801554526652308e-05,0.0387082991366553,0.3908158966437298,0.35328249336870027
7,SOD2,3.887316,0.14113986,0.00010135876764937094,0.039632281703058984,0.23704535879792163,0.2051022000312061
7,PLEKHH2,3.87813,0.16291803,0.00010526247132497175,0.040755152132997886,0.20615082151383232,0.17504680917459822
7,MXRA7,3.8627028,0.11166358,0.00011213936604612724,0.042996192659161714,0.27524224125825025,0.24126228740833203
7,TCEAL4,3.8602235,0.11405312,0.00011328337497148995,0.04301718311898155,0.26414829377896365,0.23027188328912468
7,PDGFRB,3.8561854,0.101976395,0.00011517015923493593,0.04331714217624848,0.3411037775593316,0.3034794819784678
7,HLA-E,3.8442752,0.12582491,0.00012090920320357745,0.04504666276335548,0.2426625473950288,0.210104930566391
7,CLTC,3.8369684,0.11856973,0.00012456243481172917,0.04597401565967111,0.2842297430136217,0.25041933218910906
7,RTN4,3.8278668,0.106421925,0.00012925872184223663,0.04726560595364453,0.3183541637410476,0.28371235762209396
7,SLC8A1,3.8218758,0.08242015,0.0001324403586342524,0.04798472149709996,0.3995225389692459,0.35966999531908256
8,SLC1A1,94.879814,7.627835,0.0,0.0,0.997765719757421,0.00979048548792851
9,ATP8A2,120.33158,6.4804173,0.0,0.0,0.9978870533999231,0.021281076786107467
9,LUM,5.4600916,0.118851215,4.758893417821944e-08,0.0006264607295220808,0.7506723011909335,0.7098574560353823
9,DCN,5.1892495,0.13130891,2.111435328734821e-07,0.001667696080047911,0.6600076834421821,0.6263605816636192
9,TIMP3,4.760613,0.13403915,1.930057958158367e-06,0.012703641480598372,0.5631963119477525,0.5183852037641563
10,KCNIP4-IT1,99.740906,10.424826,0.0,0.0,0.9994169096209913,0.001713183037605309
10,KCNIP4,14.625208,0.3517402,1.939773900609916e-48,3.83027754414434e-44,0.8947521865889213,0.8310349696427731
10,SFRP4,7.454866,0.13046578,8.99591506261063e-14,7.105333553052379e-10,0.9717201166180758,0.9514096107685791
10,HSPA1B,6.9961653,0.22817284,2.63063289985717e-12,1.7314825746859896e-08,0.5845481049562682,0.49803736998164444
10,PRICKLE2,6.607488,0.2343645,3.908949508363883e-11,1.929652924803831e-07,0.4425655976676385,0.3561914623240928
10,LTBP1,6.5696425,0.23642324,5.043614347055622e-11,2.213137975488007e-07,0.4329446064139942,0.3476820256977456
10,SDK1,6.4551644,0.20887272,1.0810158001268807e-10,4.007435610098534e-07,0.6151603498542274,0.5314538523085612
10,ALDH1A2,6.4503093,0.27395114,1.1162207968976976e-10,4.007435610098534e-07,0.360932944606414,0.2827975714218478
10,CDH11,6.418658,0.22759028,1.3748120832724932e-10,4.5245065660497756e-07,0.4221574344023324,0.3385701510801525
10,PTCH1,6.186353,0.23250905,6.157200400364733e-10,1.8704627554708002e-06,0.446064139941691,0.3682684614298489
10,LSAMP,6.170456,0.21374932,6.809325725606435e-10,1.920813511111781e-06,0.5381924198250729,0.4594248599802325
10,AP001324.1,6.151631,0.19945957,7.669014071663919e-10,2.0190980247876766e-06,0.44169096209912534,0.35544782792864876
10,PALLD,6.026764,0.16483483,1.6727494016544028e-09,4.12876371063348e-06,0.8139941690962099,0.7332235139078458
10,PGR,5.8272386,0.1736553,5.635206919327783e-09,1.3090917156358401e-05,0.751603498542274,0.6623899844683956
10,HSP90AA1,5.7444654,0.15912394,9.221182542306897e-09,1.9754098272780397e-05,0.7708454810495626,0.7002588600743634
10,MITF,5.702769,0.21162046,1.1787683501715172e-08,2.3275959842486776e-05,0.41166180758017495,0.3353320468772062
10,ADAM12,5.6840463,0.3173319,1.315447934411158e-08,2.4737938012269265e-05,0.2518950437317784,0.18748058549442273
10,PLPP3,5.6707983,0.19963032,1.4213379419741147e-08,2.5514308183837154e-05,0.3661807580174927,0.2906292653080435
10,RPL9,5.589881,0.16228603,2.272254085935704e-08,3.9015590592075135e-05,0.7650145772594752,0.6786275709511931
10,HSPD1,5.576445,0.22036132,2.4548351760909597e-08,4.039431282257675e-05,0.3335276967930029,0.2629641831788017
10,RPL10P9,5.555422,0.31313533,2.7694213193105626e-08,4.37479946968851e-05,0.2425655976676385,0.179865392761331
10,SLC24A3,5.5451417,0.19559917,2.9371652507332546e-08,4.461328080075296e-05,0.40174927113702624,0.3276227232079823
10,ZNF516,5.509084,0.19063385,3.607052989198421e-08,5.27591617220089e-05,0.4206997084548105,0.3434555466654116
10,HSPA1A,5.454299,0.15280078,4.916639718123288e-08,6.934569133861603e-05,0.8574344023323616,0.7882242198898668
10,EIF4G2,5.4206533,0.1741724,5.938156510655178e-08,8.0865405834067e-05,0.482798833819242,0.4035958017602485
10,NBEAL1,5.4123845,0.21454959,6.219094630731458e-08,8.186816171894891e-05,0.32769679300291543,0.25944368616745894
10,JMJD1C,5.3730006,0.17648818,7.743714758144546e-08,9.620650261759595e-05,0.48658892128279885,0.4087541770602909
10,DPY19L1,5.3717985,0.3272321,7.795523356029247e-08,9.620650261759595e-05,0.2227405247813411,0.16311008612980657
10,IER2,5.3625197,0.1803878,8.206896356150546e-08,9.821416693851435e-05,0.3848396501457726,0.31019908692991954
10,NLGN1,5.3271995,0.20952019,9.973855589885193e-08,0.00011584926616345472,0.33644314868804664,0.26833905963194804
10,RPL10A,5.3009777,0.15768331,1.1518402591618713e-07,0.0001299670728994875,0.6466472303206997,0.5576599049277545
10,MDK,5.282177,0.20333289,1.2765786070124215e-07,0.00014004067318926266,0.3355685131195335,0.2674918812067586
10,DNAJB1,5.261779,0.17451769,1.4266819900814501e-07,0.0001522770950062071,0.3935860058309038,0.3203652280321928
10,ATF3,5.228979,0.28717867,1.7044850352957926e-07,0.00017714085003658274,0.25626822157434404,0.19642302442697793
10,TCF12,5.2196145,0.16946971,1.7929583080224874e-07,0.00017726274045225547,0.45510204081632655,0.3794512166423495
10,HNRNPA2B1,5.2193594,0.15327844,1.7954293573610401e-07,0.00017726274045225547,0.6606413994169096,0.579300607144538
10,CANX,5.210758,0.16747692,1.8807038767354312e-07,0.00018115306707325768,0.42973760932944605,0.3542241257589307
10,UBA52,5.1858215,0.1775648,2.1506489539746374e-07,0.00020222244878658664,0.38746355685131195,0.3173906904504165
10,EDNRA,5.155564,0.2383056,2.5286901470060497e-07,0.00023223960764084397,0.29008746355685133,0.2278627570951193
10,COL5A1,5.149851,0.15907249,2.6069358363751163e-07,0.00023398434102301385,0.5752186588921283,0.4898009130700805
10,HNRNPC,5.112839,0.17042884,3.173522469002099e-07,0.0002785083318796242,0.41253644314868804,0.34097048995152257
10,CKB,5.105135,0.15634385,3.3055875206645634e-07,0.0002837918747088803,0.5416909620991254,0.4585212029933638
10,ESR1,5.08237,0.14144886,3.7275463284777724e-07,0.0003132090629877536,0.8017492711370262,0.7345507601073092
10,HSPB1,5.0577445,0.15049507,4.242442542763276e-07,0.0003490469602058485,0.6198250728862974,0.5429848919847508
10,EGR1,5.045463,0.15721804,4.524245785213399e-07,0.0003646357439788725,0.6381924198250729,0.5682872876170754
10,CXCL12,5.0320516,0.19238251,4.852584154375385e-07,0.00038327650684918545,0.3323615160349854,0.2672377276792018
10,RAI14,5.0248866,0.17643778,5.037298662506026e-07,0.00038529001565937537,0.39212827988338195,0.3243093142561303
10,MORF4L1,5.0235233,0.14959478,5.073199841559688e-07,0.00038529001565937537,0.41661807580174925,0.34084811973455076
10,HSP90AB1,5.00609,0.14184223,5.554678322071844e-07,0.00041389689867030427,0.7822157434402333,0.7076763778415777
10,MRVI1,4.9979486,0.23218796,5.794344652347598e-07,0.0004237597389083543,0.29708454810495627,0.23729467689556172
10,CD24,4.9778447,0.15330113,6.429623099496771e-07,0.0004616703189915027,0.47580174927113705,0.39956699769379206
10,DST,4.9601583,0.14538532,7.043568837232044e-07,0.0004967225366427999,0.5524781341107872,0.46740716336423965
10,HNRNPH3,4.944007,0.18779382,7.653306458465041e-07,0.0005193752588175066,0.3177842565597668,0.25363580740810465
10,NR2F2,4.9417343,0.15331681,7.743073211701527e-07,0.0005193752588175066,0.42448979591836733,0.35249211653409895
10,AUTS2,4.941325,0.1552888,7.759328540016429e-07,0.0005193752588175066,0.6145772594752187,0.5382312797100767
10,SPON2,4.928709,0.18631391,8.277476007696842e-07,0.0005408810813079464,0.29620991253644313,0.23313408951852027
10,MORF4L2,4.926898,0.14514107,8.354539136985903e-07,0.0005408810813079464,0.48775510204081635,0.4084717842518944
10,SLC8A1,4.8864594,0.15228096,1.0266548670582224e-06,0.000646781160053527,0.4303206997084548,0.3600602437991246
10,SERPINF1,4.8854775,0.1421324,1.031783983677003e-06,0.000646781160053527,0.37201166180758016,0.3006353838188921
10,RPL36A,4.8699493,0.14106481,1.116269203776522e-06,0.0006888078655553501,0.7192419825072887,0.6342165952840401
10,H19,4.8652368,0.19491142,1.1431985793977698e-06,0.0006945722815011804,0.2880466472303207,0.22723207982303384
10,HNRNPH1,4.854298,0.14494514,1.208139114871443e-06,0.0007229065140076217,0.4912536443148688,0.41273591565868123
10,TPST1,4.846539,0.23669183,1.2563387012602024e-06,0.0007405272834353421,0.27405247813411077,0.215908128206335
10,ADAMTS19,4.834666,0.20754611,1.3336937775688493e-06,0.000774562274466897,0.29183673469387755,0.2325598908081141
10,EXT1,4.830949,0.14326163,1.3588383439984425e-06,0.0007777281721911086,0.41720116618075803,0.34539464394973407
10,LAMA4,4.8276696,0.19196497,1.3813990169947524e-06,0.0007793458568450966,0.341399416909621,0.28046312420577024
10,NR4A1,4.764501,0.14872696,1.893214178216169e-06,0.0010530537229029992,0.42857142857142855,0.3601449616416435
10,ARGLU1,4.7608113,0.15918633,1.928160347332639e-06,0.0010575959505119525,0.3793002915451895,0.31351249588177155
10,HPSE2,4.7539907,0.20328517,1.994402194168573e-06,0.0010789442664671956,0.29183673469387755,0.23328469901633173
10,TUT4,4.7350187,0.24094702,2.1903491840311735e-06,0.0011564549478678071,0.25860058309037903,0.20331340895185201
10,IGFBP5,4.734473,0.119485274,2.1962453431096307e-06,0.0011564549478678071,0.929737609329446,0.8845107544594532
10,KLC1,4.712322,0.24841292,2.4490967893020673e-06,0.0012726280316199636,0.2422740524781341,0.18789476161340424
10,OSR2,4.6962147,0.22060585,2.6502675641247573e-06,0.0013592774888625313,0.26763848396501455,0.21215230385466183
10,BNC2,4.6736336,0.14407246,2.959171865840149e-06,0.001498251478535374,0.6160349854227405,0.5408669459217772
10,MIR503HG,4.6628957,0.21993566,3.117909198461183e-06,0.0015586388615902412,0.2577259475218659,0.201656704475926
10,SNCAIP,4.6595545,0.23768902,3.168944647226873e-06,0.0015643495251035455,0.23323615160349853,0.1788017131830376
10,RERE,4.6528635,0.13672021,3.273573331291136e-06,0.0015960488641895004,0.5209912536443149,0.4419353320468772
10,ZFP36,4.647474,0.15791225,3.3602435952367854e-06,0.0016183260983303797,0.3740524781341108,0.3108203511083918
10,STEAP1B,4.634733,0.14330092,3.5739805493685284e-06,0.0017005257813935172,0.5244897959183673,0.44827975714218476
10,NR2F2-AS1,4.612439,0.17492221,3.979712902491233e-06,0.0018710335945855213,0.3481049562682216,0.28740998729232364
10,AC092691.1,4.5622993,0.24557544,5.059647707984723e-06,0.0023234372939968917,0.23090379008746356,0.17828399303431072
10,GAS5,4.5587454,0.16160461,5.146016079694036e-06,0.0023359364025204235,0.3058309037900875,0.2456440909304843
10,PPP1R15A,4.547946,0.24917883,5.417204927686347e-06,0.002408854573030631,0.22448979591836735,0.17251376664940932
10,CPXM1,4.545822,0.14647837,5.472122018749616e-06,0.002408854573030631,0.35918367346938773,0.29461100390643385
10,KCNQ1OT1,4.545149,0.29215762,5.4896412329777365e-06,0.002408854573030631,0.20612244897959184,0.15492069468630865
10,PBX1,4.537268,0.13869408,5.69875829959176e-06,0.002473135854587668,0.736734693877551,0.663764296135925
10,HMGB1,4.5192604,0.12729114,6.205608458868839e-06,0.0026638248832353065,0.5169096209912536,0.438744293311997
10,ROR2,4.5100236,0.16296032,6.482042922779128e-06,0.0027525681624343368,0.32565597667638485,0.2652421518332
10,ZEB1,4.4912205,0.15788984,7.0816248171649315e-06,0.0029751864604199733,0.3991253644314869,0.3362639431449146
10,SEMA5A,4.4835157,0.21952532,7.3423151016408715e-06,0.0030522390315158034,0.2358600583090379,0.18204923047959712
10,EBF1,4.4729605,0.16249023,7.714395993418184e-06,0.0031735096517924058,0.3183673469387755,0.2588977267378924
10,NCOA1,4.4674478,0.16794461,7.915838054065414e-06,0.003222806973517024,0.3,0.2434602532122182
10,SH3PXD2A,4.437568,0.16135886,9.098081526686137e-06,0.0036592504360691562,0.31020408163265306,0.25050124723490375
10,CCNL2,4.435799,0.1975187,9.173143754959142e-06,0.0036592504360691562,0.25451895043731776,0.2012425283569445
10,NREP,4.4226174,0.16959246,9.751238738416315e-06,0.003850959202575371,0.3189504373177843,0.2609497811455735
10,NDUFA4,4.4169517,0.1935685,1.0010250968910434e-05,0.0038849275371169584,0.2737609329446064,0.21945686449851745
10,MYOF,4.4164395,0.1690452,1.0033996981310893e-05,0.0038849275371169584,0.2991253644314869,0.2420482891702358
10,ACTN1,4.4104986,0.12367107,1.0313294585647699e-05,0.003954297376469892,0.47463556851311955,0.4029933637690027
10,SSR3,4.403052,0.14599992,1.0673867163506147e-05,0.004053195788665238,0.38979591836734695,0.327650962488822
10,PABPC1,4.3896275,0.13978992,1.1354505689893482e-05,0.004209138236311589,0.37871720116618074,0.315319809855509
10,LAMB1,4.389502,0.13995649,1.1361059532048652e-05,0.004209138236311589,0.3772594752186589,0.31502800395349934
10,RPL7A,4.388676,0.1313744,1.1404279127046995e-05,0.004209138236311589,0.6813411078717201,0.6043959147173719
10,HMGN1,4.3843017,0.1921874,1.163584105447367e-05,0.004254839212252538,0.2588921282798834,0.20537487645314634
10,PSMA7,4.363379,0.2422339,1.2806871178302167e-05,0.004640082170399166,0.1924198250728863,0.14202475643620277
10,C11orf96,4.360989,0.16670693,1.2947583678798829e-05,0.004648417951301121,0.2848396501457726,0.22952887466465854
10,CNN3,4.353051,0.1525589,1.3425565020238748e-05,0.004714895103047897,0.32886297376093293,0.2680943191980044
10,PFN1,4.352529,0.133992,1.3457612444502929e-05,0.004714895103047897,0.3763848396501458,0.31217583658869485
10,ANXA5,4.3519874,0.13794917,1.3490913264570352e-05,0.004714895103047897,0.38513119533527695,0.32276556690356284
10,RPL17-C18orf32,4.3439536,0.1277398,1.3994104822463072e-05,0.004847852523234312,0.4714285714285714,0.40120487598249166
10,FBN1,4.3387065,0.15620954,1.4332368537424449e-05,0.004921859985043186,0.3177842565597668,0.2611192168306114
10,P4HB,4.3350115,0.14865983,1.4575266141133646e-05,0.004925230897502522,0.3239067055393586,0.26545865298630394
10,HSPH1,4.3347645,0.22897357,1.4591613871361163e-05,0.004925230897502522,0.24373177842565596,0.1934108344707488
10,COL4A1,4.330413,0.13058192,1.4883008131323034e-05,0.004981014890866181,0.43556851311953354,0.3669412152303855
10,REV3L,4.308676,0.12366747,1.6423483766424277e-05,0.005450388410954853,0.4959183673469388,0.4234574292841342
10,CLK1,4.3026004,0.16160695,1.6880499744281535e-05,0.005555372465843053,0.2932944606413994,0.23769943992093
10,IGF1,4.2997613,0.13521671,1.7098206382383136e-05,0.005580515425232023,0.519533527696793,0.44795029886572224
10,MSX1,4.2931414,0.16069078,1.761629303892784e-05,0.005676193756799609,0.29970845481049563,0.2433472960888596
10,H2AFY,4.2923546,0.20951118,1.7678816775203884e-05,0.005676193756799609,0.2524781341107872,0.20167553066315244
10,MTPN,4.28723,0.17686737,1.809147488191858e-05,0.005761842951909101,0.2571428571428571,0.20403821716006965
10,RBFOX2,4.280426,0.11965776,1.8653604337177617e-05,0.005893345139870548,0.49912536443148686,0.4264602061467501
10,ASIC2,4.2604485,0.14219247,2.0401705802799232e-05,0.006320117933650992,0.29475218658892127,0.23785004941874147
10,DNAJA1,4.2596555,0.22770552,2.0474238735988126e-05,0.006320117933650992,0.22157434402332363,0.17264554995999434
10,RBM3,4.259543,0.16834283,2.0484530930500528e-05,0.006320117933650992,0.2778425655976676,0.22281733891843555
10,CCND2,4.249668,0.13036086,2.1408742452347905e-05,0.006554062456807159,0.38338192419825073,0.3216171694827505
10,PTGES3,4.2450085,0.12952517,2.185850343895164e-05,0.006640277060085216,0.38979591836734695,0.32657786981691533
10,PPP1R12A,4.24183,0.13332811,2.2170489326867538e-05,0.006683640950356128,0.33119533527696793,0.27205723160916834
10,SERF2,4.2354293,0.12803803,2.2811560656952863e-05,0.006824804192911989,0.44868804664723033,0.38183272932649315
10,TTC17,4.22686,0.20372738,2.369747692179713e-05,0.006998909971585579,0.21720116618075802,0.1676001317833106
10,MIR100HG,4.2263813,0.18442446,2.3747947335978616e-05,0.006998909971585579,0.2653061224489796,0.2137148773944557
10,PEBP1,4.221301,0.12498714,2.4289649439541205e-05,0.00710553211604712,0.4822157434402332,0.41091918859133053
10,CFL1,4.2155876,0.1359446,2.4912847831258827e-05,0.007195586018170418,0.3224489795918367,0.2640090365698687
10,DPP6,4.2151437,0.121700525,2.496189821962289e-05,0.007195586018170418,0.6174927113702624,0.5403303995858239
10,RPS13,4.212819,0.12552428,2.522028088590911e-05,0.00721738646917625,0.6443148688046647,0.5644090930484303
10,NORAD,4.201352,0.109124534,2.6532562354227132e-05,0.007519724036224553,0.4072886297376093,0.3411587518237869
10,ATP6AP2,4.200288,0.16200602,2.6657585462155307e-05,0.007519724036224553,0.2720116618075802,0.21905210147314916
10,RPL13AP25,4.194158,0.112478934,2.738870164610496e-05,0.007671167414240972,0.4536443148688047,0.38445898244458043
10,RPL9P9,4.1892676,0.1707371,2.7985605412501517e-05,0.0077831516123275345,0.28104956268221576,0.22776862615898716
10,LRRC75A-AS1,4.1726265,0.119791396,3.0110853988201482e-05,0.008315649270643728,0.605539358600583,0.5291476443733233
10,SMCHD1,4.1674557,0.25009966,3.0801863336129744e-05,0.008447411019933583,0.20320699708454812,0.15589965642208312
10,ERC1,4.1629314,0.17832172,3.141875819651938e-05,0.008557169646185817,0.25160349854227404,0.2003576975573022
10,SND1,4.160425,0.17114018,3.176554941450612e-05,0.00859236354436764,0.3151603498542274,0.26256883324704666
10,PDIA6,4.1567135,0.11014883,3.228584709747276e-05,0.008673691656961866,0.41720116618075803,0.3500823645691156
10,AC027644.4,4.1443963,0.19098385,3.407101141751258e-05,0.009091435019597343,0.219533527696793,0.1700851884971996
10,UBE2D3,4.14117,0.14724052,3.45538345772497e-05,0.009158389497481512,0.324198250728863,0.2682731679766555
10,TNRC6B,4.126443,0.13661326,3.68417280839048e-05,0.009699690169930456,0.3075801749271137,0.2518755589024333
10,JUNB,4.1183314,0.11832636,3.816252577167253e-05,0.009980890515065507,0.37317784256559766,0.3114510283804772
10,CTNNB1,4.104252,0.1134338,4.056254771442563e-05,0.01053879035748748,0.4947521865889213,0.419918106085565
10,BCL2,4.091692,0.13563997,4.282374722538516e-05,0.01105356487205824,0.3262390670553936,0.269863980797289
10,ST13,4.0805535,0.12766021,4.492861212579003e-05,0.011512029710802634,0.33527696793002915,0.27801571986633405
10,SETBP1,4.0792413,0.137897,4.51829384476453e-05,0.011512029710802634,0.3166180758017493,0.26133571798371535
10,VPS13B,4.0734577,0.12147803,4.632026745118472e-05,0.011726153860142224,0.4134110787172012,0.3496399491692945
10,TMEM120B,4.0657988,0.17690794,4.786818492951878e-05,0.012040830313608634,0.24927113702623907,0.19951051913211276
10,ARHGAP10,4.061983,0.17151979,4.865755698619985e-05,0.012152623121907201,0.25743440233236153,0.20640090365698688
10,PUM1,4.0606894,0.16696684,4.892806331366466e-05,0.012152623121907201,0.26588921282798833,0.21427966301124865
10,ARMC9,4.058748,0.18062091,4.933658410421891e-05,0.01217750237152383,0.23411078717201167,0.18511789899750553
10,HSPA8,4.0570254,0.12197893,4.9701687899360315e-05,0.012191422723736257,0.5743440233236151,0.49815974019861625
10,RAP1A,4.0554953,0.1686351,5.002822344065181e-05,0.012195769136532229,0.24402332361516035,0.19419212124064575
10,DDX3X,4.0513406,0.116516456,5.092503683455899e-05,0.012266972209958836,0.30670553935860057,0.2494752200310632
10,HNRNPA3,4.0499306,0.11586523,5.123278397113816e-05,0.012266972209958836,0.44752186588921283,0.38069374499929404
10,UBE2E2,4.0498424,0.14025992,5.125216283407292e-05,0.012266972209958836,0.28892128279883383,0.23523320939426742
10,FBXL7,4.0450125,0.11866753,5.232037967667536e-05,0.012447207434887128,0.4909620991253644,0.4229773615098602
10,GANAB,4.0429964,0.13145739,5.277246995616974e-05,0.012479583134784762,0.3294460641399417,0.2730173671577164
10,PLEKHA7,4.034246,0.1654967,5.477793057796115e-05,0.012876726395147869,0.2612244897959184,0.21033557678731116
10,YWHAQ,4.026985,0.119001456,5.6496565840412234e-05,0.013202144249524024,0.40174927113702624,0.34138466607050405
10,SSBP3,4.018177,0.1337111,5.865016638784285e-05,0.013624778652874647,0.3282798833819242,0.27275380053654635
10,RPL28,4.011094,0.13973416,6.043801723780876e-05,0.013897803681504887,0.3565597667638484,0.30155786699298726
10,JUN,4.010738,0.11465305,6.052927765671125e-05,0.013897803681504887,0.6448979591836734,0.581522097237257
10,LDB2,4.0015674,0.135363,6.292430370286689e-05,0.014364200010598953,0.35597667638483965,0.29865863416011673
10,TMEM98,3.9983382,0.17573966,6.378875888841124e-05,0.014477848655293888,0.23556851311953353,0.1864639713841954
10,STK3,3.993564,0.12662113,6.508754353366358e-05,0.01468821296703681,0.3253644314868805,0.26898856309125996
10,CD44,3.9920702,0.10789841,6.549895043964797e-05,0.014697071311151009,0.38688046647230323,0.32480820821763073
10,MATR3-1,3.9904172,0.14149043,6.595715191546616e-05,0.014716270301952484,0.28833819241982506,0.2354402974537582
10,SLC25A3,3.9874685,0.12974827,6.678205872912993e-05,0.01473923163317502,0.3081632653061224,0.25338165388054784
10,BTG2,3.9873817,0.13200197,6.68065041613068e-05,0.01473923163317502,0.32653061224489793,0.27071115922247846
10,RAMP1,3.9851258,0.12696819,6.744436517483301e-05,0.014797293719358364,0.3361516034985423,0.2796912505294865
10,IGF2,3.9763076,0.11602713,6.999358094459712e-05,0.01522049081185926,0.5373177842565597,0.46376429613592507
10,RPS27A,3.9757967,0.12167143,7.014406279141055e-05,0.01522049081185926,0.8367346938775511,0.7600225914246718
10,IGFBP3,3.9727542,0.113524415,7.104637007103303e-05,0.015332039600247193,0.47959183673469385,0.41180401939097283
10,LPAR1,3.967559,0.21214394,7.261248379273623e-05,0.01553031366512967,0.21020408163265306,0.16409846095919423
10,HSBP1,3.9671028,0.2579844,7.275164661321253e-05,0.01553031366512967,0.1728862973760933,0.12821574810561492
10,IFITM2,3.9609103,0.13541746,7.466454679430993e-05,0.01585296925806929,0.3763848396501458,0.3205534899044571
10,VEGFA,3.956959,0.23851632,7.590991831567964e-05,0.016031200503330588,0.1816326530612245,0.13685696804254718
10,EMX2,3.953405,0.22959092,7.70469143735484e-05,0.01610509466913225,0.18775510204081633,0.14271191226996752
10,GOLGA4,3.9528432,0.19559307,7.722806369841154e-05,0.01610509466913225,0.21749271137026238,0.17080058361180403
10,ST5,3.952054,0.14284231,7.748323678555472e-05,0.01610509466913225,0.3081632653061224,0.25519838094789854
10,HMGN2,3.9497259,0.1205854,7.824073944090665e-05,0.01617739938220045,0.6206997084548105,0.546957217489528
10,ZBTB38,3.9476874,0.13567808,7.890975524999942e-05,0.016230750282984256,0.2836734693877551,0.23094083870664095
10,EIF4A1,3.9426348,0.16129108,8.059129622020355e-05,0.01649073300688227,0.2731778425655977,0.22347625547136066
10,MAML3,3.9400842,0.108542345,8.14529937500016e-05,0.016530662046450584,0.3752186588921283,0.315799877629783
10,ATP5F1B,3.9395823,0.13720696,8.162359716038348e-05,0.016530662046450584,0.2766763848396501,0.22570715865769286
10,COL21A1,3.9377375,0.20220634,8.225350803054167e-05,0.016573242546643628,0.24489795918367346,0.19949169294488633
10,PNISR,3.930318,0.11799883,8.483350509123412e-05,0.01700631869575136,0.3422740524781341,0.2844919282722267
10,SIK3,3.9277816,0.12685783,8.573301644806546e-05,0.017099839826095965,0.3,0.2469901633171742
10,TPM4,3.925443,0.10755026,8.657025823276565e-05,0.01718006350818282,0.38979591836734695,0.3298536263943145
10,MMP11,3.924182,0.13616243,8.702499070805788e-05,0.017183954665213108,0.2991253644314869,0.24591707064526758
10,EEF1B2,3.903543,0.10034202,9.479465981488956e-05,0.01861123503713224,0.41895043731778425,0.35367816632936416
10,SYT1,3.9025216,0.24502552,9.519572261472481e-05,0.01861123503713224,0.1967930029154519,0.15275568315526897
10,KANK2,3.8958945,0.11774394,9.783696803010774e-05,0.018947989409091207,0.37259475218658894,0.3161952275615381
10,SUN1,3.8957934,0.20997283,9.787779396978138e-05,0.018947989409091207,0.25568513119533526,0.21045794700428297
10,INPP4B,3.8851507,0.16187951,0.0001022664783102321,0.019701013470378958,0.26326530612244897,0.21456205581964513
10,PPP6R3,3.880796,0.13576171,0.00010411515522198665,0.019959785000129595,0.3064139941690962,0.254784204828917
10,CLIC4,3.866169,0.110533684,0.00011055834491845299,0.020886994218877915,0.5043731778425656,0.43665458652986305
10,NRIP1,3.8654952,0.17854257,0.00011086401379803214,0.020886994218877915,0.22128279883381924,0.17487645314632655
10,TWIST2,3.863945,0.18913813,0.00011157036848185621,0.020886994218877915,0.239067055393586,0.19243187273497436
10,OGT,3.8638978,0.16002186,0.00011159190761119606,0.020886994218877915,0.2565597667638484,0.2082458700051772
10,FAR1,3.8638885,0.23965734,0.00011159616581037274,0.020886994218877915,0.1740524781341108,0.13019249776439026
10,SKP1,3.8593752,0.12499372,0.00011367726124851442,0.021176143402011,0.3230320699708455,0.2693274344613357
10,H3F3A,3.8545883,0.1105439,0.00011592454547280634,0.021493390374704546,0.6099125364431487,0.5357838753706405
10,DIP2C,3.8456867,0.17687257,0.00012021528077458677,0.022184775085747576,0.25393586005830904,0.20680566668235514
10,ZRANB2,3.8362718,0.13949057,0.00012491622124163196,0.02294507632220711,0.23265306122448978,0.18438367769567468
10,RPL35,3.8310692,0.10981811,0.00012758755082571558,0.023129726975594213,0.6772594752186589,0.6025227090883419
10,AFF3,3.8304825,0.13114011,0.0001278922712291176,0.023129726975594213,0.37434402332361516,0.31922624370499364
10,ERP29,3.829841,0.16651593,0.00012822608572146492,0.023129726975594213,0.2422740524781341,0.19571704240598672
10,GNAQ,3.829768,0.11415405,0.00012826421066684728,0.023129726975594213,0.3379008746355685,0.28344707488115967
10,TBL1X,3.8265293,0.1513053,0.00012996273442436013,0.023266369184365046,0.30670553935860057,0.2567515413940792
10,TUBA1B,3.8252087,0.10463481,0.0001306614298600146,0.023266369184365046,0.543731778425656,0.46818845013413657
10,ITGA6,3.8249674,0.1720904,0.00013078937402332219,0.023266369184365046,0.23061224489795917,0.18384713135972136
10,ADGRA2,3.8226123,0.11321274,0.00013204538020017003,0.023384467062175403,0.3224489795918367,0.2690262154657128
10,WDR1,3.8166332,0.1675831,0.0001352849974878394,0.0238512282178114,0.22040816326530613,0.17441521155927894
10,SOX5,3.8154886,0.09766766,0.00013591375725223174,0.023855582672911716,0.4857142857142857,0.4135266155221914
10,RPL4,3.8116112,0.11655806,0.00013806389831280225,0.024107739775810384,0.7475218658892129,0.6746458323528027
10,ISLR,3.8107045,0.16691528,0.00013857127846421952,0.024107739775810384,0.23177842565597667,0.18466607050407116
10,NFIC,3.8023543,0.11606552,0.000143327561863628,0.02482584242595788,0.3303206997084548,0.27551183696521864
10,RPS23,3.7945523,0.1020202,0.00014791012272748997,0.025453210829469494,0.8626822157434403,0.8059490751635525
10,TMED9,3.7940018,0.1334453,0.00014823859239283864,0.025453210829469494,0.27521865889212827,0.22560361462794748
10,STAT6,3.7896893,0.23220663,0.00015083577338914856,0.025777577048176344,0.18950437317784258,0.1466936508683579
10,EXOC4,3.7887075,0.11049521,0.00015143314785720936,0.025777577048176344,0.33411078717201165,0.2794465100955429
10,PRCP,3.783669,0.16648455,0.00015453338169138956,0.026192413346593807,0.2291545189504373,0.18278345178142796
10,C6orf48,3.7783444,0.13563128,0.00015787449462684872,0.026644357016254314,0.28833819241982506,0.23866898856309127
10,MYO9A,3.7755234,0.16197844,0.00015967194437338492,0.026833040115717948,0.2478134110787172,0.20090365698686874
10,SEPT9,3.7731023,0.15223782,0.00016123017797573533,0.026980094019566695,0.2282798833819242,0.18190803407539888
10,CHCHD2,3.7666543,0.08474195,0.00016544984650132067,0.027569389611941584,0.3673469387755102,0.3061702828634631
10,SNHG5,3.7621167,0.15268207,0.00016848142639925673,0.027956590299829606,0.2247813411078717,0.1781522097237257
10,MCL1,3.7539296,0.10934682,0.00017408373102357843,0.028733451019413766,0.30379008746355685,0.2515743399068104
10,ZKSCAN1,3.7531614,0.17045073,0.00017461835927933008,0.028733451019413766,0.22128279883381924,0.1759118934437803
10,HNRNPDL,3.7519524,0.10970994,0.00017546270618973016,0.02875258586242665,0.577259475218659,0.502461523979856
10,UBC,3.7467,0.11734254,0.0001791761471749014,0.029214689940052267,0.6673469387755102,0.6021838377182661
10,WWP1,3.7457569,0.29520965,0.00017985067685415392,0.029214689940052267,0.15626822157434403,0.11567750741281121
10,ZFP36L2,3.7448494,0.099809945,0.00018050198382894644,0.029214689940052267,0.37988338192419824,0.319329787734739
10,EHBP1,3.7418294,0.12851284,0.00018268547305153222,0.029413594159201494,0.3093294460641399,0.25770226384901396
10,SAMD4A,3.7401655,0.09814729,0.00018389913747362432,0.029413594159201494,0.34839650145772594,0.2926907328093378
10,CDH13,3.740075,0.098392196,0.000183965303284786,0.029413594159201494,0.3752186588921283,0.31768249635242624
10,PSMB4,3.7371209,0.22071244,0.00018613947228068384,0.029537480142139253,0.18542274052478133,0.14254247658492963
10,NME1-NME2,3.7369905,0.1091271,0.0001862360112274049,0.029537480142139253,0.34169096209912536,0.28647809102461524
10,GUCY1A2,3.735086,0.096577406,0.00018765113644777612,0.029637617416550546,0.32740524781341107,0.272697321974867
10,RPS28,3.7341259,0.09962619,0.00018836832704229178,0.029637617416550546,0.5370262390670554,0.46563750176495505
10,RPL31,3.7318213,0.1052033,0.00019010039957680137,0.02979144833367873,0.8341107871720117,0.7780016002259142
10,SPARCL1,3.7293518,0.11190842,0.00019197304980594373,0.029966006651922252,0.7472303206997084,0.6753894667482468
10,HNRNPA1,3.7246919,0.11061773,0.00019555394239603832,0.03040478855552892,0.6935860058309038,0.6258671812491176
10,IGF2R,3.7231965,0.10092976,0.00019671638651590483,0.030465582495239663,0.33527696793002915,0.27876876735539136
10,TCEAL4,3.7154448,0.12578332,0.00020284656672687264,0.03129225239522521,0.28104956268221576,0.23090318633218807
10,SRSF3,3.7134175,0.10500219,0.00020447915854341278,0.03141021390249277,0.30845481049562684,0.2548312702969831
10,SEC61G,3.712525,0.1542227,0.0002052019443645076,0.03141021390249277,0.23294460641399417,0.18722643196686592
10,STARD13,3.7099078,0.1273508,0.00020733468372143523,0.03161413640743985,0.31370262390670556,0.26287005224266957
10,PAMR1,3.7068498,0.18546927,0.00020985331297649511,0.03187510398487594,0.22011661807580174,0.1760154374735257
10,MARCKS,3.7044902,0.14634007,0.00021181633594810793,0.032050002832424054,0.31457725947521864,0.2668047253729938
10,FLRT2,3.692065,0.19388328,0.00022244059728773033,0.033508530535214194,0.19183673469387755,0.14854803031016142
10,EIF1,3.6912522,0.098332435,0.00022315262662719873,0.033508530535214194,0.5285714285714286,0.4542853108674166
10,CSNK1A1,3.6885762,0.106356554,0.0002255124825154559,0.03362670786278734,0.33935860058309036,0.28460488539558526
10,KAT6B,3.6868792,0.13779324,0.0002270211640074593,0.03362670786278734,0.23381924198250728,0.18759354261778133
10,ATP5F1E,3.6852498,0.102315225,0.0002284783475379986,0.03362670786278734,0.4446064139941691,0.38267049465806935
10,UBXN4,3.6850417,0.25196356,0.0002286652318581832,0.03362670786278734,0.1653061224489796,0.12429048806890385
10,MARCH6,3.684357,0.12574913,0.00022928074898235094,0.03362670786278734,0.23673469387755103,0.18936320421706593
10,NUCKS1,3.6832438,0.097437195,0.00023028480812137261,0.03362670786278734,0.39300291545189503,0.3349178707582247
10,FRYL,3.6820714,0.23304015,0.0002313464575983736,0.03362670786278734,0.17784256559766765,0.13663105379583
10,COL27A1,3.6797135,0.1014794,0.00023349609386538357,0.03362670786278734,0.33294460641399415,0.2771120628794653
10,ATP5F1A,3.679417,0.13057126,0.000233767933260955,0.03362670786278734,0.2620991253644315,0.21422318444956934
10,ATRX,3.6791348,0.13954854,0.00023402649345359014,0.03362670786278734,0.2857142857142857,0.23797241963571328
10,SULF2,3.6789145,0.10105785,0.00023422870389311248,0.03362670786278734,0.30612244897959184,0.2528827599190474
10,ZBTB20,3.6784198,0.10275668,0.0002346835207959329,0.03362670786278734,0.5935860058309038,0.5228785240269215
10,YWHAG,3.6780663,0.19925424,0.00023500889724828588,0.03362670786278734,0.21049562682215744,0.16802372099590532
10,EMX2OS,3.67571,0.2124414,0.00023718891523991602,0.03375709960513219,0.19271137026239066,0.15030827881583284
10,EIF4G3,3.675236,0.120989375,0.00023762973995307277,0.03375709960513219,0.2760932944606414,0.2277874523462136
10,SNHG6,3.6703112,0.11752962,0.0002422554383093154,0.034251234231923916,0.2612244897959184,0.21273591565868122
10,PRSS23,3.669692,0.11408243,0.0002428427424526156,0.034251234231923916,0.4346938775510204,0.3749517578952323
10,SYTL4,3.6667786,0.16094196,0.00024562540086915847,0.03452042110720571,0.2358600583090379,0.19091636466324657
10,CD81,3.664892,0.09919153,0.00024744295918485313,0.034652543773504324,0.4472303206997085,0.3854379441803549
10,GJA1,3.663338,0.10145537,0.0002489497692393332,0.03474036850459274,0.3965014577259475,0.33955852590954017
10,PDCD4,3.647815,0.16034636,0.00026447999606553406,0.03663428639199062,0.24810495626822157,0.20277686261589872
10,ZFP36L1,3.646151,0.105709784,0.00026619760437112685,0.03663428639199062,0.5769679300291545,0.5086835788581917
10,ADAMTS9,3.6459572,0.121809565,0.00026639824119039865,0.03663428639199062,0.3116618075801749,0.26079917164776206
10,RPS3A,3.645297,0.10302903,0.00026708323159092633,0.03663428639199062,0.9137026239067055,0.85935896832494
10,PICALM,3.6452231,0.11508931,0.00026715979137276663,0.03663428639199062,0.3425655976676385,0.29006447969125054
10,ARL15,3.6430926,0.11355106,0.00026938182297328074,0.03675085458109363,0.4341107871720117,0.37712618251988517
10,SMAD3,3.6426258,0.21113905,0.0002698710581514523,0.03675085458109363,0.19212827988338194,0.1504588883136443
10,RPL3P4,3.6397908,0.1789629,0.00027285971202319683,0.03701041072443795,0.19854227405247812,0.1554854803031016
10,IGFN1,3.6390445,0.26026347,0.00027365137069623925,0.03701041072443795,0.15043731778425656,0.1098884548406834
10,STAT5B,3.633449,0.22044785,0.00027965764202088914,0.0376508185510001,0.1793002915451895,0.1379300607144538
10,FNDC3A,3.6328635,0.15025961,0.0002802932405042548,0.0376508185510001,0.25043731778425654,0.20516778839365557
10,ZFAND3,3.629388,0.09913917,0.0002840937341731434,0.038006168246049916,0.34402332361516036,0.29046924271661884
10,SPIN1,3.628397,0.096450835,0.00028518660979621297,0.038006168246049916,0.3239067055393586,0.2694309784910811
10,WAC,3.6278188,0.14835584,0.00028582578671824233,0.038006168246049916,0.2478134110787172,0.20257918765002117
10,SYNCRIP,3.6230474,0.17072646,0.00029115244769334445,0.03858453847082403,0.2110787172011662,0.1681460912128771
10,SF1,3.6205626,0.1159964,0.00029396319560536194,0.03882673752791623,0.2932944606413994,0.24299901162517062
10,MAT2A,3.616897,0.10509945,0.0002981558617279049,0.03906582724023599,0.3174927113702624,0.26495034593119027
10,ANAPC4,3.6168008,0.21387254,0.0002982666154729264,0.03906582724023599,0.16705539358600582,0.12612604132348096
10,RPL18A,3.616004,0.099946246,0.00029918568234887916,0.03906582724023599,0.3670553935860058,0.3104344142702499
10,ITM2B,3.615533,0.103179716,0.00029973021507625607,0.03906582724023599,0.775801749271137,0.7160916835317928
10,BTG1,3.6064878,0.16001166,0.0003103696317611591,0.040243930970141374,0.22769679300291545,0.18320704099402269
10,SUMO2,3.6061218,0.11604267,0.00031080722541003544,0.040243930970141374,0.2848396501457726,0.23560973313879607
10,NACA,3.6037128,0.111512974,0.00031370357609488385,0.040452077080375605,0.6454810495626823,0.565265684567233
10,VCL,3.6028254,0.09829806,0.0003147769553118512,0.040452077080375605,0.5542274052478134,0.48483079964230247
10,RPL17,3.6022394,0.10250159,0.0003154876871456418,0.040452077080375605,0.8064139941690962,0.74892455405469
10,MYL12A,3.5950494,0.16055238,0.0003243300064579397,0.04145126412633319,0.2425655976676385,0.19850331811549865
10,C9orf3,3.5915403,0.11642848,0.00032872926060216457,0.0418779869667764,0.50932944606414,0.44607709323669226
10,DDR2,3.5884006,0.12392189,0.00033271274663526504,0.0420590765560827,0.26151603498542275,0.21399727020285217
10,YLPM1,3.5872493,0.24614343,0.0003341847706219171,0.0420590765560827,0.1749271137026239,0.13542617781333835
10,KIDINS220,3.5871484,0.1424085,0.0003343139763687671,0.0420590765560827,0.2087463556851312,0.1650868357885819
10,ZNF207,3.586339,0.13317093,0.0003353528281956607,0.0420590765560827,0.23469387755102042,0.18958911846378312
10,SCP2,3.5860794,0.17752017,0.00033568685703191676,0.0420590765560827,0.20612244897959184,0.16389137289970349
10,SBF2,3.5854099,0.109001085,0.0003365490861062191,0.0420590765560827,0.2868804664723032,0.2375770697039582
10,MAGI1,3.5845919,0.09440984,0.00033760577505009153,0.0420590765560827,0.39183673469387753,0.33279051160163786
10,RBM6,3.583345,0.10034893,0.0003392222604366321,0.042127564494224765,0.33411078717201165,0.28218572033698874
10,UBR5,3.581659,0.18889357,0.000341419281183019,0.04226749295448209,0.21895043731778427,0.17683437661787546
10,SEC31A,3.5755486,0.1387369,0.00034949424541733614,0.04313195856256699,0.27230320699708455,0.22576363721937215
10,SMOC2,3.5739813,0.109053224,0.0003515939964868559,0.04325591934348571,0.31690962099125364,0.265722219607474
10,RAB1A,3.5699713,0.16649887,0.00035702018663335584,0.04378708450473443,0.25451895043731776,0.21144632183367063
10,HADHB,3.5645893,0.2706001,0.0003644263435546553,0.044418896846261574,0.15072886297376092,0.11164870334635478
10,MKL1,3.5638206,0.15406856,0.0003654959631465301,0.044418896846261574,0.21690962099125363,0.17405751400197675
10,BIRC6,3.5637846,0.14805199,0.00036554597070381377,0.044418896846261574,0.24897959183673468,0.2044806325598908
10,ANKRD17,3.5589845,0.1326793,0.00037229155716242277,0.04509981035416687,0.2518950437317784,0.20616557631665647
10,UBQLN1,3.5579767,0.24143188,0.0003737224500877522,0.04513470030234101,0.18075801749271136,0.1414599708194098
10,GNB1,3.5552719,0.111448236,0.00037758852218804133,0.04546257901905527,0.30379008746355685,0.25357932884642537
10,SENP3-EIF4A1,3.5525844,0.11186731,0.00038146652520208436,0.04578989669690187,0.3151603498542274,0.26522332564597356
10,PSME4,3.5503368,0.1570079,0.00038473847802886495,0.04604270295247253,0.23119533527696792,0.18785710923895138
10,NF1,3.5459797,0.12964264,0.0003911561878263638,0.04666930564845547,0.23848396501457725,0.193288464253777
10,UBE2R2,3.5409515,0.15138024,0.000398686959552528,0.04735179240296454,0.22419825072886299,0.1806843319056808
10,PLPP1,3.5398116,0.09795746,0.00040041275162611915,0.04735179240296454,0.3396501457725947,0.2854332376335483
10,FAM198B,3.5392191,0.115969546,0.0004013124193839073,0.04735179240296454,0.26705539358600583,0.22068056666823552
10,ATP2B4,3.5384343,0.0951536,0.0004025075343680651,0.04735179240296454,0.5504373177842565,0.4806137337035817
10,PPP2R2C,3.5381956,0.20432219,0.0004028715245466445,0.04735179240296454,0.19096209912536444,0.150054125288276
10,NDRG2,3.5337372,0.18560043,0.00040972836948347733,0.048014815334247736,0.18425655976676386,0.14324845860592084
10,NFAT5,3.5300858,0.10067634,0.0004154248302953771,0.04853833549711548,0.29708454810495627,0.24700898950440062
10,TGM2,3.5277383,0.100419596,0.00041912636631301456,0.04882636713402234,0.5507288629737609,0.4796724243422601
10,COL12A1,3.5207794,0.08577532,0.0004302805487673578,0.049978351270354396,0.4326530612244898,0.37109238951381374
10,RPS15,3.519963,0.1033555,0.00043160686103601426,0.04998539048690403,0.33323615160349856,0.28225161199228127
